{"cameraMode":{"drawMode":0,"name":"Shaded","section":"Shading Mode"},"sceneLighting":true,"audioPlay":false,"sceneViewState":{"m_AlwaysRefresh":false,"showFog":true,"showSkybox":false,"showFlares":true,"showImageEffects":true,"showParticleSystems":true,"showVisualEffectGraphs":true,"m_FxEnabled":true},"in2DMode":false,"pivot":{"x":-0.8248288631439209,"y":0.9714342355728149,"z":1.5890944004058838},"rotation":{"x":0.07868686318397522,"y":-0.837576687335968,"z":0.12530232965946198,"w":0.5259518623352051},"size":2.1164329051971437,"orthographic":false}